{
    "$schema": "https://schema.management.azure.com/schemas/2019-04-01/deploymentTemplate.json#",
    "contentVersion": "1.0.0.0",
    "parameters": {
        "sites_intuneloadexport_name": {
            "defaultValue": "intuneloadexport",
            "type": "String"
        },
        "serverfarms_ASP_intuneloadexport_f26a_externalid": {
            "defaultValue": "/subscriptions/f428c47e-6110-4d3e-8f04-567d02befe7b/resourceGroups/intuneloadexport/providers/Microsoft.Web/serverfarms/ASP-intuneloadexport-f26a",
            "type": "String"
        }
    },
    "variables": {},
    "resources": [
        {
            "type": "Microsoft.Web/sites",
            "apiVersion": "2022-09-01",
            "name": "[parameters('sites_intuneloadexport_name')]",
            "location": "East US",
            "tags": {
                "hidden-link: /app-insights-resource-id": "/subscriptions/f428c47e-6110-4d3e-8f04-567d02befe7b/resourceGroups/intuneloadexport/providers/microsoft.insights/components/intuneloadexport",
                "hidden-link: /app-insights-instrumentation-key": "436be555-2dea-4fbf-95ab-54ff4797ec11"
            },
            "kind": "functionapp,linux",
            "properties": {
                "enabled": true,
                "hostNameSslStates": [
                    {
                        "name": "[concat(parameters('sites_intuneloadexport_name'), '.azurewebsites.net')]",
                        "sslState": "Disabled",
                        "hostType": "Standard"
                    },
                    {
                        "name": "[concat(parameters('sites_intuneloadexport_name'), '.scm.azurewebsites.net')]",
                        "sslState": "Disabled",
                        "hostType": "Repository"
                    }
                ],
                "serverFarmId": "[parameters('serverfarms_ASP_intuneloadexport_f26a_externalid')]",
                "reserved": true,
                "isXenon": false,
                "hyperV": false,
                "vnetRouteAllEnabled": false,
                "vnetImagePullEnabled": false,
                "vnetContentShareEnabled": false,
                "siteConfig": {
                    "numberOfWorkers": 1,
                    "linuxFxVersion": "PYTHON|3.11",
                    "acrUseManagedIdentityCreds": false,
                    "alwaysOn": false,
                    "http20Enabled": false,
                    "functionAppScaleLimit": 200,
                    "minimumElasticInstanceCount": 0
                },
                "scmSiteAlsoStopped": false,
                "clientAffinityEnabled": false,
                "clientCertEnabled": false,
                "clientCertMode": "Required",
                "hostNamesDisabled": false,
                "customDomainVerificationId": "B73D80FD0F355638B4B70614FD90A89CF41AC217E1E6EA1469150934ABFAF148",
                "containerSize": 0,
                "dailyMemoryTimeQuota": 0,
                "httpsOnly": false,
                "redundancyMode": "None",
                "storageAccountRequired": false,
                "keyVaultReferenceIdentity": "SystemAssigned"
            }
        },
        {
            "type": "Microsoft.Web/sites/basicPublishingCredentialsPolicies",
            "apiVersion": "2022-09-01",
            "name": "[concat(parameters('sites_intuneloadexport_name'), '/ftp')]",
            "location": "East US",
            "dependsOn": [
                "[resourceId('Microsoft.Web/sites', parameters('sites_intuneloadexport_name'))]"
            ],
            "tags": {
                "hidden-link: /app-insights-resource-id": "/subscriptions/f428c47e-6110-4d3e-8f04-567d02befe7b/resourceGroups/intuneloadexport/providers/microsoft.insights/components/intuneloadexport",
                "hidden-link: /app-insights-instrumentation-key": "436be555-2dea-4fbf-95ab-54ff4797ec11"
            },
            "properties": {
                "allow": false
            }
        },
        {
            "type": "Microsoft.Web/sites/basicPublishingCredentialsPolicies",
            "apiVersion": "2022-09-01",
            "name": "[concat(parameters('sites_intuneloadexport_name'), '/scm')]",
            "location": "East US",
            "dependsOn": [
                "[resourceId('Microsoft.Web/sites', parameters('sites_intuneloadexport_name'))]"
            ],
            "tags": {
                "hidden-link: /app-insights-resource-id": "/subscriptions/f428c47e-6110-4d3e-8f04-567d02befe7b/resourceGroups/intuneloadexport/providers/microsoft.insights/components/intuneloadexport",
                "hidden-link: /app-insights-instrumentation-key": "436be555-2dea-4fbf-95ab-54ff4797ec11"
            },
            "properties": {
                "allow": false
            }
        },
        {
            "type": "Microsoft.Web/sites/config",
            "apiVersion": "2022-09-01",
            "name": "[concat(parameters('sites_intuneloadexport_name'), '/web')]",
            "location": "East US",
            "dependsOn": [
                "[resourceId('Microsoft.Web/sites', parameters('sites_intuneloadexport_name'))]"
            ],
            "tags": {
                "hidden-link: /app-insights-resource-id": "/subscriptions/f428c47e-6110-4d3e-8f04-567d02befe7b/resourceGroups/intuneloadexport/providers/microsoft.insights/components/intuneloadexport",
                "hidden-link: /app-insights-instrumentation-key": "436be555-2dea-4fbf-95ab-54ff4797ec11"
            },
            "properties": {
                "numberOfWorkers": 1,
                "defaultDocuments": [
                    "Default.htm",
                    "Default.html",
                    "Default.asp",
                    "index.htm",
                    "index.html",
                    "iisstart.htm",
                    "default.aspx",
                    "index.php"
                ],
                "netFrameworkVersion": "v4.0",
                "linuxFxVersion": "PYTHON|3.11",
                "requestTracingEnabled": false,
                "remoteDebuggingEnabled": false,
                "remoteDebuggingVersion": "VS2019",
                "httpLoggingEnabled": false,
                "acrUseManagedIdentityCreds": false,
                "logsDirectorySizeLimit": 35,
                "detailedErrorLoggingEnabled": false,
                "publishingUsername": "$intuneloadexport",
                "scmType": "None",
                "use32BitWorkerProcess": false,
                "webSocketsEnabled": false,
                "alwaysOn": false,
                "managedPipelineMode": "Integrated",
                "virtualApplications": [
                    {
                        "virtualPath": "/",
                        "physicalPath": "site\\wwwroot",
                        "preloadEnabled": false
                    }
                ],
                "loadBalancing": "LeastRequests",
                "experiments": {
                    "rampUpRules": []
                },
                "autoHealEnabled": false,
                "vnetRouteAllEnabled": false,
                "vnetPrivatePortsCount": 0,
                "localMySqlEnabled": false,
                "ipSecurityRestrictions": [
                    {
                        "ipAddress": "Any",
                        "action": "Allow",
                        "priority": 2147483647,
                        "name": "Allow all",
                        "description": "Allow all access"
                    }
                ],
                "scmIpSecurityRestrictions": [
                    {
                        "ipAddress": "Any",
                        "action": "Allow",
                        "priority": 2147483647,
                        "name": "Allow all",
                        "description": "Allow all access"
                    }
                ],
                "scmIpSecurityRestrictionsUseMain": false,
                "http20Enabled": false,
                "minTlsVersion": "1.2",
                "scmMinTlsVersion": "1.2",
                "ftpsState": "FtpsOnly",
                "preWarmedInstanceCount": 0,
                "functionAppScaleLimit": 200,
                "functionsRuntimeScaleMonitoringEnabled": false,
                "minimumElasticInstanceCount": 0,
                "azureStorageAccounts": {}
            }
        },
        {
            "type": "Microsoft.Web/sites/functions",
            "apiVersion": "2022-09-01",
            "name": "[concat(parameters('sites_intuneloadexport_name'), '/ProcessAndUpload')]",
            "location": "East US",
            "dependsOn": [
                "[resourceId('Microsoft.Web/sites', parameters('sites_intuneloadexport_name'))]"
            ],
            "properties": {
                "script_root_path_href": "https://intuneloadexport.azurewebsites.net/admin/vfs/home/site/wwwroot/ProcessAndUpload/",
                "script_href": "https://intuneloadexport.azurewebsites.net/admin/vfs/home/site/wwwroot/ProcessAndUpload/__init__.py",
                "config_href": "https://intuneloadexport.azurewebsites.net/admin/vfs/home/site/wwwroot/ProcessAndUpload/function.json",
                "test_data_href": "https://intuneloadexport.azurewebsites.net/admin/vfs/tmp/FunctionsData/ProcessAndUpload.dat",
                "href": "https://intuneloadexport.azurewebsites.net/admin/functions/ProcessAndUpload",
                "config": {},
                "invoke_url_template": "https://intuneloadexport.azurewebsites.net/api/processandupload",
                "language": "python",
                "isDisabled": false
            }
        },
        {
            "type": "Microsoft.Web/sites/hostNameBindings",
            "apiVersion": "2022-09-01",
            "name": "[concat(parameters('sites_intuneloadexport_name'), '/', parameters('sites_intuneloadexport_name'), '.azurewebsites.net')]",
            "location": "East US",
            "dependsOn": [
                "[resourceId('Microsoft.Web/sites', parameters('sites_intuneloadexport_name'))]"
            ],
            "properties": {
                "siteName": "intuneloadexport",
                "hostNameType": "Verified"
            }
        }
    ]
}